ID,Name
1,01 - School.mp3
2,Steve_Hackett_The_Return_of_the_Giant_Hogweed.mp3
3,03-genesis-firth_of_fifth.mp3
4,05 - Starless.mp3
5,101 21st Century Schizoid Man.mp3
6,Thick As A Brick.mp3
7,13 - A Day in the Life.mp3
8,01Al Di Meola - Flight over Rio.mp3
9,06 Megalyth.mp3
10,07 - Fool's Overture.mp3
11,03_Anesthetize.mp3
12,05_Schism.mp3
13,09. Bo Hansson - Rohans Horn - Slaget vid Pelennors slatter.mp3
14,01_-_ace_of_wands_320_lame_cbr.mp3
15,Kansas_08_Magnum_Opus.mp3
16,05_The_Afternoon_a_Afternoon_b_Evening.mp3
17,Opeth - The Moor.mp3
18,07 - Zartlicher Abschied.mp3
19,01-hymn_of_the_seventh_galaxy_320_lame_cbr.mp3
20,08 - Kingdom Of Dreams.mp3
21,06. Anekdoten - Our Days Are Numbered.mp3
22,05 Soup.mp3
23,01. Hazard Profile Part One.mp3
24,05 - Vivaldi.mp3
25,01 - Song Within A Song.mp3
26,02 Scorched Earth.mp3
27,4 Foxlight.mp3
28,La conquista della posizione eretta.mp3
29,01. Vert.mp3
30,02 Willie The Pimp.mp3
31,05 - Fatal Tragedy.mp3
32,02 Can You Understand.mp3
33,01 - UFO.mp3
34,01 Hortz Fur Dehn Stekehn West.mp3
35,06 Forgotten Sons.mp3
36,01 Close to the Edge I. The Solid Time of Change II. Total Mass Retain III.  I GetUp I Get Down IV. Seasons of Man).mp3
37,06_Genesis_Supper's Ready.mp3
38,205 The Court Of The Crimson King.mp3
39,01-Zarathustra.mp3
40,05 Red Shift.mp3
41,04Billy Cobham - Stratus.mp3
42,04 Operation- Mindcrime.mp3
43,03 - Suenos De Maniqui.mp3
44,01-Sospesi Nell'Incredibile.mp3
45,12 - The Garden.mp3
46,06 - Echoes.mp3
47,01_Shine On You Crazy Diamond I.mp3
48,01 Peaches En Regalia.mp3
49,03 A Plague of Lighthouse Keepers.mp3
50,07_The_Night_Nights_in_White_Satin.mp3
51,01 Meeting of the Spirits.mp3
52,01 The Gates Of Delirium.mp3
53,06 - Scene Four  Beyond This Life.mp3
54,03_YYZ_Rush_Moving_Pictures_Deluxe_Edition_2011.mp3
55,Kraftwerk - 01 - Autobahn.mp3
56,01-genesis-dancing_with_the_moonlit_knight.mp3
57,03_Time.mp3
58,01 Script For A Jester's Tear.mp3
59,05-Nine Feet Underground.mp3
60,4-Song Of Scheherazade.mp3
61,L'evoluzione.mp3
62,09 Heart Of The Sunrise.mp3
63,08 - Lady Fantasy.mp3
64,06-king_crimson-larks_tounges_in_aspic_(part_ii).mp3
65,Appena un poco.mp3
66,07 A Louse Is Not A Home.mp3
67,103 Epitaph.mp3
68,06 Mekanik Kommandoh.mp3
69,02_Dogs.mp3
70,04 The Sleepwalkers.mp3
71,01_Genesis_The Musical Box.mp3
72,01_Genesis_Watcher of the Skies.mp3
73,103 Moon In June.mp3
74,05-Phallus Dei.mp3
75,04. Second Life Syndrome.mp3
76,13 Aenema.mp3
77,04 Black Rose Immortal.mp3
78,08_-_opeth_-_blackwater park_-_blackwater park.mp3
79,05. When the Water Breaks.mp3
80,05_Arriving Somewhere but Not Here.mp3
81,01. The Same River.mp3
82,09 - Headlong Flight.mp3
83,01 Jordrok.mp3
84,08 - White Walls.mp3
85,01. Folklore.mp3
86,01-Hocus Pocus.mp3
87,01. The Light.mp3
88,01.A passion play 1.mp3
89,The Flower Kings - 1997 Stardust We Are CD2 - 11 - Stardust We Are.mp3
90,04-Stranger In Your Soul_Resampled.mp3
91,Big Big Train - English Electric (Part Two) - 01 - East Coast Racer.mp3
92,08-This Strange Engine.mp3
93,08 - The Divine Wings Of Tragedy.mp3
94,08 - Octavarium.mp3
95,08. Guardian.mp3
96,04. The Czar I. Usurper - II. Escape - III. Martyr - IV. Spiral_khaos[].mp3
97,06. Milliontown.mp3
98,01_-_the_revealing_science_of_god_-_dance_of_the_dawn_320_lame_cbr.mp3
99,12-animals_as_leaders-song_of_solomon.mp3
100,01 - Songs From The Wood (2003 Digital Remaster).mp3
101,01. Hallogallo.mp3
102,-04- Knots.mp3
103,01 - Birds of Fire.mp3
104,01 - Luminol.mp3
105,01 - Roundabout.mp3
106,01_Yours Is No Disgrace.mp3
107,03Uriah Heep - July Morning.mp3
108,Frances the Mute-The Mars Volta-05-Cassandra Geminni 1.mp3
109,Pain of Salvation - The Perfect Element I - 02. In the Flesh.mp3
110,06 - Ultimo Entardecer.mp3
111,5  The architect.mp3
112,01_2112_I_Overture_II_Temples_of_Syrinx_III_Discovery_IV_Presentation_V_Oracle_VI_Soliloquy_VII_Grand_Finale.mp3
113,Baris_Manco_Bay_Koca_Destani_2023.mp3
114,01 - When the Heart Rules the Mind.mp3
115,09 - Ice (Remastered 2023).mp3
116,(Disc 2) 01 - Telepathic Minds.mp3
117,Ne_Obliviscaris_And_Plague_Flowers_The_Kaleidoscope.mp3
118,Procol_Harum_In_Held.mp3
119,Syzygy_Dialectic.mp3
120,01 - Phaedra.mp3
121,01_A_Change_of_Seasons_I_Sunrise_II_Innocence_III_Carpe_Diem_IV_Winters_V_Another_World_VI_Summer_VII_Sunset.mp3
122,01-The runaway.mp3
123,02 - Odyssey.mp3
124,02 In a Silent Way...It's About that Time.mp3
125,02. Bleed (live).mp3
126,02. The Road Of Bones.mp3
127,03 - Halleluwah.mp3
128,03. Omen.mp3
129,04 - The River Under.mp3
130,04_La_Villa_Strangiato_Rush_Hemispheres_Deluxe_Edition.mp3
131,5 A Sprinkling Of Clouds.mp3
132,06-In a glass house.mp3
133,09 - Ancestral.mp3
134,Eloy - Poseidon's Creation.mp3
135,11 Bohemian Rhapsody.mp3
136,101-elp-tarkus.mp3
137,105-emerson_lake_and_palmer-karn_evil_9_1st_impression_(part_1).mp3
138,Emerson_Lake_Palmer_Peter_Gunn.mp3
139,05. Part V.mp3
140,Caravan_The_Love_In_Your_Eye.mp3
141,MIKE OLDFIELD - Part One (Tubular Bells I).mp3
142,"01-The Bryden 2-Step (For Amphibians), Pt.1.mp3"
143,09. Tel Aviv.mp3
144,08 Listen.mp3
145,11 - Lonely People.mp3
146,03 - The national anthem.mp3
147,09_Jewel Of The Summertime.mp3
148,08-love_to_love_320_lame_cbr.mp3
149,Tame_Impala_01_Let_It_Happen.mp3
150,06. In A Gadda Da Vida.mp3
151,3. My Beautiful Dark Twisted Fantasy - POWER.mp3
152,04 - Vera.mp3
153,17 - Cross Road Blues (take 1).mp3
154,03 - Take Five (LP Version).mp3
155,06 Naima.mp3
156,20 - They Can't Take That Away from Me (Remastered).mp3
157,13. Frank Sinatra - The Girl From Ipanema.mp3
158,Kind Of Blue-Miles Davis-02-Freddie Freeloader.mp3
159,24_Billy_Vaughan_Orange_Blossom_Special.mp3
160,101-led_zeppelin-immigrant_song.mp3
161,07 - You Really Got Me.mp3
162,06 Tales Of Brave Ulysses.mp3
163,09 I'm Just a Singer (In a Rock and Roll Band).mp3
164,01 - Blinded By The Light.mp3
165,07-do_it_again_320_lame_cbr.mp3
166,02 - Arc of a Diver.mp3
167,(06) [Alice Cooper] No More Mr. Nice Guy.mp3
168,Billy Joel - It's Still Rock And Roll To Me.mp3
169,06-alone_again_or_320_lame_cbr.mp3
170,07. The Cars - Bye Bye Love.mp3
171,02-blondie-call_me-rns.mp3
172,22 Turn On The News.mp3
173,04 - Elton John - Goodbye Yellow Brick Road (Remastered 2014).mp3
174,09 - Golden Brown [Explicit].mp3
175,06 - Cruel Summer.mp3
176,02 - Burnin' For You.mp3
177,02 - Killer Queen.mp3
178,12 - Round And Round [12_ Version].mp3
179,05. This Time.mp3
180,07 - Head Over Heels  Broken.mp3
181,06 - How Soon Is Now_.mp3
182,02. Planet Earth.mp3
183,01 - It's The End Of The World As We Know It (And I Feel Fine) (Edit) (2006 Digital Remaster).mp3
184,07 Eight Miles High.mp3
185,04 - Ted Just Admit it.......mp3
186,"09 - Madonna, Sean and Me.mp3"
187,101-tom_petty_and_the_heartbreakers-refugee.mp3
188,10 - Don't You Want Me - The Human League.mp3
189,02 West End Girls.mp3
190,05-shock_the_monkey_320_lame_cbr.mp3
191,11 Better Man.mp3
192,04---Relax---Frankie-Goes-To-Hollywood.mp3
193,07. Black Hole Sun.mp3
194,Gin_Blossoms_Hey_Jealousy.mp3
195,Collective Soul_The World I Know.mp3
196,06 - Disarm.mp3
197,Cranberries - 04 - Zombie.mp3
198,1-03 Wonderwall.mp3
199,01 - Loser.mp3
200,03 - No Doubt - Just a Girl.mp3
201,08 All the Small Things.mp3
202,04 - Interstate Love Song.mp3
203,Closer.mp3
204,19 - Tusk.mp3
205,04 - Somebody Told Me.mp3
206,13 Famous Last Words.mp3
207,07 - Wake Up.mp3
208,05-Flourescent Adolescent.mp3
209,04 Cracker - Low.mp3
210,06 - De Música Ligera (Remasterizado 2007).mp3
211,11 - Inoculate the Innocuous.mp3
212,09 - Dilettante.mp3
213,Cosmia.mp3
214,11 - Your Lucky Day In Hell.mp3
215,03 Space Song.mp3
216,02 Peace Of Mind.mp3
217,01 Styx - Grand Illusion.mp3
218,03. Rag Doll.mp3
219,Ursine Vulpine ft Annaca   Wicked Game (Lyrics).mp3
220,06 Felt Mountain.mp3
221,06 - Janelle Monae - Cold War.mp3
222,01-Janitor Of Lunacy.mp3
223,01 Machu Picchu.mp3
224,07-Cage-The-Elephant---Aint-No-Rest-For-The-Wicked.mp3
225,05 Clocks.mp3
226,12 - Buckingham Green.mp3
227,05 - Modern Love (2002 Remastered Version).mp3
228,05 we're drowning in it.mp3
229,02 - Zombified.mp3
230,07 Guy's Eyes.mp3
231,09-Year Of The Cat.mp3
232,03 - Bayaty.mp3
233,01-Light - Look At Your Sun.mp3
234,03. Ten-Day Interval.mp3
235,06 - Give It Up.mp3
236,05 - Moonwind.mp3
237,02_Violin_Concerto_in_D_Major_Adagio.mp3
238,13 Metin Arolat - Elveda.mp3
239,08 I Could Have Danced All Night.mp3
240,04. Air Supply - All Out Of Love.mp3
241,04 - El corrido de Alfonso.mp3
242,08 - Tsinandali Choir - Orovela.mp3
243,16 - Madhuban Mein Radhika Nache Re (Kohinoor 1960).mp3
244,rasme-asheghi.mp3
245,C-Pop_Hits_1.mp3
246,05-Tjolky [Тьолки].mp3
247,04 - Big Shot.mp3
248,10 The Thrill Is Gone.mp3
249,06 - Sweet Dreams (Are Made Of This).mp3
250,Anu_Orta_Veniya.mp3
251,02 - Petrichrist.mp3
252,07_Summoning Of The Muse.mp3
253,06 - Sigur Rós - Sæglópur.mp3
254,06 Savana Dance.mp3
255,09 - Money For Nothing (Album Version).mp3
256,02 - Woman In Love (Album Version).mp3
257,16 - Navras.mp3
258,04 Dounounia.mp3
259,05 - Go to the West - Meeting in Menggu Tents - Be Together - Sister Liu.mp3
260,Ali Farka Toure with Ry Cooder - Talking Timbuktu - 10 - Diaraby.mp3
261,03 - Angel of Music.mp3
262,10 All Is Full Of Love.mp3
263,Hallelujah_Kate_McKinnon.mp3
264,Aphex Twin - Avril 14th.mp3
265,Serge_Prokofiev_1.mp3
266,04-The Rip.mp3
267,www.NewAlbumReleases.net_14 - Hyyerr (Feat. Chip Tha Ripper).mp3
268,01 Play Your Part (Pt. 1).mp3
269,23-The-Weeknd---I-Feel-It-Coming-(Feat-Daft-Punk).mp3
270,01 - amy winehouse - rehab.mp3
271,Julia-Michaels---Issues.mp3
272,27.-The-Chainsmokers---Paris.mp3
273,Chinna Chinna Aasai - ROJA.mp3
274,Khalil_Fong_Love_in_this_world.mp3
275,02 - Adagio in C Minor.mp3
276,04 - Devil's Advocate _ Bambodansarna.mp3
277,01.ArmenMiran-PreciousStory.mp3
278,04 - Piano Concerto No. 2 - 1. Allegro.mp3
279,04 Still D.R.E. (Feat. Snoop Dogg).mp3
280,02. Ascension (feat. Vince Staples).mp3
281,02 The World At Large.mp3
282,03 - Don't Believe The Hype.mp3
283,A Tribe Called Quest - Midnight Marauders - 14 - God Lives Through.mp3
284,02 - A Whiter Shade Of Pale.mp3
285,7 - The Hurt Inside.mp3
286,01 - Harden My Heart.mp3
287,14 - 25 or 6 to 4 (Steven Wilson Remix).mp3
288,03 Julianna Barwick - One Half.mp3
289,01 - Under the Pressure.mp3
290,06. Blue Jeans.mp3
291,The Jimi Hendrix Experience - Voodoo Chile.mp3
292,03-oneohtrix_point_never-betrayed_in_the_octagon-kouala.mp3
293,01. Painkiller.mp3
294,05-lana_del_rey-doin_time.mp3
295,01. B.mp3
296,03-the_strokes-brooklyn_bridge_to_chorus.mp3
297,10-hozier-be-65228571.mp3
298,05. Violin Concerto in E minor op.64 - I Allegro molto appassionato.mp3
299,04-deacon_blues_320_lame_cbr.mp3
300,03 Horns Surrounding Me.mp3
301,Lil Nas X - Old Town Road (feat. Billy Ray Cyrus).mp3
302,10 - Jefferson Airplane - Surrealistic Pillow  - White Rabbit.mp3
303,the-chainsmokers-&-coldplay---something-just-like-this.mp3
304,02 End Game (feat. Ed Sheeran & Future).mp3
305,15. Happier Than Ever.mp3
306,05 Homewrecker.mp3
307,01_Surfing with the Alien.mp3
308,03_Losfer Words (Big 'Orra).mp3
309,Imagine-Dragons---Believer.mp3
310,Salif Keita - Cono.mp3
311,Nena ‎- 99 Luftballons.mp3
312,Paul Gilbert - Technical Difficulties (Racer X).mp3
313,O_Re_Piya_Rahat Fateh Ali Khan_ Salim-Sulaiman.mp3
314,01 - Mustt Mustt (Lost in His Work).mp3
315,09Henry Mancini - Peter Gunn.mp3
316,01 - Autumn Lords.mp3
317,01 - Big Chief.mp3
318,01 - End Titles from Blade Runner.mp3
319,01 - Tiempo Al Tiempo.mp3
320,1-01 Eruption.mp3
321,02 - Someone In The Crowd.mp3
322,02 - Joie De Vivre.mp3
323,02 Aja.mp3
324,03 Midnight At The Bazaar.mp3
325,04 - Condor Pasa.mp3
326,04 - Out Of The Blue.mp3
327,04-Invisible Limits.mp3
328,08 - Asmarina (My Asmara).mp3
329,05-bangles-hazy_shade_of_winter.mp3
330,07 - While The Earth Sleeps (feat Peter Gabriel).mp3
331,08 - Xoomij.mp3
332,11 - Hello Earth.mp3
333,11-zao-a_last_time_for_everything.mp3
334,13 - Al Hahla Al ’Ali.mp3
335,Russ Conway - Pepe.mp3
336,Russian_2.mp3
337,K-Pop_1.mp3
338,The Neighbourhood - Wiped Out.mp3
339,slow thai Mura Masa - Doorman.mp3
340,Chase Atlantic - SLIDE (Official Music Video).mp3
341,"Travis Scott - CIRCUS MAXIMUS (Official Audio) ft. The Weeknd, Swae Lee.mp3"
342,The Weeknd - The Birds (Trilogy).mp3
343,Charli_XCX_Speed_Drive_Barbie.mp3
344,The_Technicolors_Tonight_You_Are_Mine.mp3
345,Playboi_Carti_Rockstar_Made.mp3
346,Ruelle_The_World_We_Made.mp3
347,Bad_Bunny_Si_Veo_A_Tu_Mama.mp3
348,Marco_Luka_Paradise.mp3
349,Metro_Boomin_On_Time.mp3
350,Twenty_One_Pilots_No_Chances.mp3
351,Pink_Sweat_Icy.mp3
352,Brockhampton_Buzzcut_feat_Danny_Brown.mp3
353,Kid_Cudi_Frequency.mp3
354,Run_The_Jewels_Yankee_and_the_Brave.mp3
355,Allie_X_Not_So_Bad_in_LA.mp3
356,Peach_Pit_Almighty_Aphrodite.mp3
357,01 - Only Shallow.mp3
358,01 - My Spirit Will Go On.mp3
359,04 - A Lovely Night.mp3
360,The Revivalists - Wish I Knew You.mp3
361,Taylor_Swift_All_Too_Well_Taylor_Version.mp3
362,Beyonce_Cuff_It.mp3
363,Billie_Eilish_What_Was_I_Made_For.mp3
364,Cardi_B_WAP.mp3
365,Neha_Kakkar_Yaad_Piya_Ki_Aane_Lagi.mp3
366,Kabir_Singh_Bekhayali.mp3
367,Lizzo_Juice.mp3
368,Sharon_Van_Etten_Seventeen.mp3
369,Little_Simz_Woman.mp3
370,SZA_Kill_Bill.mp3
371,Titi_Me_Pregunto.mp3
372,Edgar_Winter_Frankenstein.mp3
373,01_Aces High.mp3
374,01 - Radioactive.mp3
375,01 - Upside Down.mp3
376,01 War Pigs _ Luke's Wall.mp3
377,01-blueprint_320_lame_cbr.mp3
378,01-We're An American Band.mp3
379,2-10 Dear Mama.mp3
380,02. Top Of The World.mp3
381,03 Supermassive Black Hole.mp3
382,03-House Of The Rising Sun.mp3
383,04 - Suspended in Gaffa.mp3
384,06 Californication.mp3
385,06 The Temple of the King.mp3
386,06_The Offspring_Gone Away.mp3
387,07 - Subterranean.mp3
388,07_Johnny B. Goode.mp3
389,07 Say It Ain't So.mp3
390,08 - Anarchy In The U.K.mp3
391,08 Behind Blue Eyes.mp3
392,10 - 2000 Miles .mp3
393,10. Michael Sembello - Maniac.mp3
394,12_Toxicity.mp3
395,13 - Layla.mp3
396,CCR_Who'll Stop The Rain.mp3
397,David-Guetta-Ft.-Sia---Titanium-(Instrumental)-[Download].mp3
398,Golden Earring - Radar Love.mp3
399,Disintegration-The Cure-09-The Same Deep Water as You.mp3
400,Lorde-Green-Light.mp3
401,Ed-Sheeran---Shape-of-You.mp3
402,01 - Immigrant Song.mp3
403,04 - Ayasofya.mp3
404,04 The Unforgettable Fire.mp3
405,Green Day -07- Basket Case.mp3
406,Symphony_40_G_Minor.mp3
407,01_Pulcinella_1st_scene_Overture.mp3
408,08 - Damage Inc  (LP Version).mp3
409,09 - Zum.mp3
410,Christine_and_the_Queens_People_Ive_Been_Sad.mp3
411,"Daft Punk - 04 - Harder, Better, Faster, Stronger.mp3"
412,"13 - So Long, Farewell.mp3"
413,20 - Thelonious Monk - 'Round Midnight.mp3
414,01 - I.G.Y..mp3
415,1930_Josephine_Baker_J`ai_Deux_Amours.mp3
416,1992_Nirvana_Smells_Like_Teen_Spirit.mp3
417,1970_Simon_and_Garfunkel_Bridge_Over_Troubled_Water.mp3
418,2009_Beyonce_Single_Ladies_Put_A_Ring_On_It.mp3
419,1959_Johnny_Horton_The_Battle_Of_New_Orleans.mp3
420,1998_Celine_Dion_My_Heart_Will_Go_On.mp3
421,1987_Heart_Alone.mp3
422,1995_Hootie_And_The_Blowfish_Hold_My_Hand.mp3
423,2010_Lady_Gaga_Telephone.mp3
424,2017_Migos_Bad_&_Boujee.mp3
425,2004_Usher_Yeah.mp3
426,2018_Drake_God's_Plan.mp3
427,1975_America_Sister_Golden_Hair.mp3
428,1941_Glenn_Miller_Chatanooga_Choo_Choo.mp3
429,1994_Ace_Of_Base_All_That_She_Wants.mp3
430,1971_Rod_Stewart_Maggie_May.mp3
431,1986_Mr._Mister_Broken_Wings.mp3
432,1949_Vaughan_Monroe_Riders_In_The_Sky.mp3
433,2006_Kanye_West_Gold_Digger.mp3
434,2016_Twenty_One_Pilots_Stressed_Out.mp3
435,1982_Foreigner_Waiting_For_A_Girl_Like_You.mp3
436,1942_Kay_Kyser_Praise_the_Lord_and_Pass_the_Ammunition.mp3
437,1997_The_Verve_Bittersweet_Symphony.mp3
438,1999_Britney_Spears_...Baby_One_More_Time.mp3
439,1980_Pink_Floyd_Another_Brick_In_The_Wall_Part_II.mp3
440,1952_Vera_Lynn_Auf_Wiederseh`n_Sweetheart.mp3
441,1983_Police_Every_Breath_You_Take.mp3
442,1955_Bill_Haley_And_His_Comets_Rock_Around_The_Clock.mp3
443,1944_Les_Brown_Twilight_Time.mp3
444,1963_Peter_Paul_And_Mary_Puff_The_Magic_Dragon.mp3
445,1950_Nat_King_Cole_Mona_Lisa.mp3
446,2005_Kelly_Clarkson_Since_U_Been_Gone.mp3
447,2013_Bruno_Mars_Locked_Out_Of_Heaven.mp3
448,1990_Michael_Bolton_How_Am_I_Supposed_To_Live_Without_You.mp3
449,1946_Perry_Como_Prisoner_of_Love.mp3
450,2015_Rihanna_FourFiveSeconds.mp3
451,2000_Sting_Desert_Rose.mp3
452,1985_Wham_Careless_Whisper.mp3
453,1953_Les_Paul_And_Mary_Ford_Vaya_Con_Dios.mp3
454,1961_Lawrence_Welk_Calcutta.mp3
455,1954_Rosemary_Clooney_Hey_There.mp3
456,1940_Tommy_Dorsey_I'll_Never_Smile_Again.mp3
457,1969_Neil_Diamond_Sweet_Caroline.mp3
458,2014_Katy_Perry_Roar.mp3
459,1991_Mariah_Carey_Someday.mp3
460,1948_Peggy_Lee_Manana.mp3
461,2001_Alan_Jackson_Where_Were_You.mp3
462,1972_Don_McLean_American_Pie.mp3
463,"2019_Ariana_Grande_Thank_U,_Next.mp3"
464,1947_Francis_Craig_and_His_Orchestra_Near_You.mp3
465,2012_Taylor_Swift_We_Are_Never_Getting_Back_Together.mp3
466,1981_Kim_Carnes_Bette_Davis_Eyes.mp3
467,1984_Prince_When_Doves_Cry.mp3
468,1943_Duke_Ellington_In_A_Sentimental.mp3
469,1939_Judy_Garland_Somewhere_Over_The_Rainbow.mp3
470,1945_Harry_James_and_Kitty_Kallen_It's_Been_A_Long_Long_Time.mp3
471,1957_Harry_Belafonte_Banana_Boat_Song.mp3
472,1956_Elvis_Presley_Heartbreak_Hotel.mp3
473,1976_Eagles_Hotel_California.mp3
474,1973_Diana_Ross_Touch_Me_In_The_Morning.mp3
475,1951_Tony_Bennett_Because_Of_You.mp3
476,1988_INXS_Need_You_Tonight.mp3
477,1974_Jackson_5_Dancing_Machine.mp3
478,2007_Fergie_Big_Girls_Don't_Cry.mp3
479,2001_Train_Drops_Of_Jupiter.mp3
480,1979_The_Knack_My_Sharona.mp3
481,1968_Steppenwolf_Born_To_Be_Wild.mp3
482,2021_Silk_Sonic_Leave_the_Door_Open.mp3
483,1964_The_Beatles_I_Want_To_Hold_Your_Hand.mp3
484,1965_Beach_Boys_California_Girls.mp3
485,1978_Bee_Gees_Night_Fever.mp3
486,2008_Alicia_Keys_No_One.mp3
487,2011_Adele_Rolling_In_The_Deep.mp3
488,2023_Morgan_Wallen_Last_Night.mp3
489,1958_The_Champs_Tequila.mp3
490,1960_Bryan_Hyland_Itsy_Bitsy.mp3
491,1962_Ray_Charles_I_Can't_Stop_Loving_You.mp3
492,1967_The_Doors_Light_My_Fire.mp3
493,1977_ABBA_Dancing_Queen.mp3
494,1989_Milli_Vanilli_Girl_You_Know_It's_True.mp3
495,1993_Snap_Rhythm_Is_A_Dancer.mp3
496,1996_Alanis_Morissette_Ironic.mp3
497,2002_Linkin_Park_In_The_End.mp3
498,2003_Evanescence_Bring_Me_To_Life.mp3
499,2022_Kendrick_Lamar_Beth_Gibbons_Mother_I_Sober.mp3
500,2020_BTS_Dynamite.mp3
501,1966_The_Rolling_Stones_Paint_It_Black.mp3
